Create DATABASE Mono_Store_Testing
GO

USE Mono_Store_Testing
GO

CREATE TABLE tblUser(
	userId varchar(40) NOT NULL,
	name nvarchar(30) NOT NULL,
	username varchar(30) NOT NULL,
	password varchar(255),
	email varchar(30) NOT NULL,
	phone varchar(30) NOT NULL,
	address nvarchar(500),
	googleId varchar(30),
	createDate varchar(20) NOT NULL,
	salary FLOAT NOT NULL,
	role INTEGER NOT NULL,
	status INTEGER NOT NULL,
	avatarUrl varchar(100) NOT NULL,
	PRIMARY KEY(userId)
)
GO

INSERT [dbo].[tblUser] ([userId], [name], [username], [password], [email], [phone], [address], [googleId], [createDate], [salary], [role], [status], [avatarUrl]) VALUES (N'02989b3f-0997-43db-b5ab-868565006633', N'Correna Leat', N'cleatv', N'$2a$08$P8PJYaQB6i8CUcVFFMNBGuGcBaPlrm5f6Z/pZdVlIV6zURn7HAYNS', N'cleatv@vistaprint.com', N'0862334006', N'712 Crest Line Pass', N'', N'8/21/2021', 0, 1, 1, N'/public/avatar/vit06.jpg')
INSERT [dbo].[tblUser] ([userId], [name], [username], [password], [email], [phone], [address], [googleId], [createDate], [salary], [role], [status], [avatarUrl]) VALUES (N'04f2d37c-f1ef-4358-b8d1-6de30c56fafa', N'Charlie Gashion', N'cgashiony', N'$2a$08$Q7/sf.kZd1vvYbZBeU84hevrOeQqknRd7xIPSzhspvBu0NbpmIXaq', N'cgashiony@uiuc.edu', N'0862334006', N'3 Pearson Park', N'', N'8/21/2021', 0, 1, 1, N'/public/avatar/vit06.jpg')
INSERT [dbo].[tblUser] ([userId], [name], [username], [password], [email], [phone], [address], [googleId], [createDate], [salary], [role], [status], [avatarUrl]) VALUES (N'08cebe99-206c-4253-a6cc-e8ec614ce45a', N'Lorri Yakubovics', N'lyakubovicsj', N'$2a$08$mwldYOg0doniGEuBt901nO/21ISY.c9XdvD9Kn4xgcCuAjVa3E04K', N'lyakubovicsj@fotki.com', N'0862334006', N'47 Sommers Court', N'', N'8/21/2021', 0, 1, 1, N'/public/avatar/vit14.jpg')
INSERT [dbo].[tblUser] ([userId], [name], [username], [password], [email], [phone], [address], [googleId], [createDate], [salary], [role], [status], [avatarUrl]) VALUES (N'0a22c638-0fc7-47fe-82a3-46ecb7186525', N'Cad McMenamy', N'cmcmenamy4', N'$2a$08$UMwt15tW37Bpzfdyhj3Xa.zmms9d56TeGLiL24xneONlc9qo7wWpK', N'cmcmenamy4@dailymotion.com', N'0862334006', N'909 Vernon Alley', N'', N'8/21/2021', 0, 1, 1, N'/public/avatar/vit11.jpg')
INSERT [dbo].[tblUser] ([userId], [name], [username], [password], [email], [phone], [address], [googleId], [createDate], [salary], [role], [status], [avatarUrl]) VALUES (N'11d50ba6-b9ae-4e90-8ce9-4685f245b944', N'Walliw Sore', N'wsore15', N'$2a$08$L5QqNfXJiw07C2Mdc0fkOeIVcXooSJ5RuU4Zs9cd6045ufI.5LTlm', N'wsore15@w3.org', N'0862334006', N'48835 Columbus Place', N'', N'8/21/2021', 0, 1, 1, N'/public/avatar/vit15.jpg')
INSERT [dbo].[tblUser] ([userId], [name], [username], [password], [email], [phone], [address], [googleId], [createDate], [salary], [role], [status], [avatarUrl]) VALUES (N'12a36609-585a-4773-8357-e3bf9373e8ba', N'Tomasina Perkinson', N'tperkinsond', N'$2a$08$cvP.0ipE.WHG8AsA0MWvIuGEZfeAitXPEXR2Zwitdu/i7Uc7tU7uC', N'tperkinsond@wikia.com', N'0862334006', N'2 Summer Ridge Court', N'', N'8/21/2021', 0, 1, 1, N'/public/avatar/vit15.jpg')
INSERT [dbo].[tblUser] ([userId], [name], [username], [password], [email], [phone], [address], [googleId], [createDate], [salary], [role], [status], [avatarUrl]) VALUES (N'12ef870b-0ddb-46bf-9cf7-76bad810490b', N'Kiah Mully', N'kmully13', N'$2a$08$ygiwtdYIhA.uBOONoE4Uke2/ZqD7JuJMyfNOQOX4rmYm73g0RXJC6', N'kmully13@digg.com', N'0862334006', N'686 Russell Road', N'', N'8/21/2021', 0, 1, 1, N'/public/avatar/vit12.jpg')
INSERT [dbo].[tblUser] ([userId], [name], [username], [password], [email], [phone], [address], [googleId], [createDate], [salary], [role], [status], [avatarUrl]) VALUES (N'17af8882-ecb9-42d3-a42c-4e419a0bb2bc', N'Carolina Barsam', N'cbarsam8', N'$2a$08$.o.25pcif23LQG629j1piuKNs/Ez6PUJskKaS5JShDh9QCRDVYbtC', N'cbarsam8@google.com.hk', N'0862334006', N'1 Trailsway Junction', N'', N'8/21/2021', 0, 1, 1, N'/public/avatar/vit02.jpg')
INSERT [dbo].[tblUser] ([userId], [name], [username], [password], [email], [phone], [address], [googleId], [createDate], [salary], [role], [status], [avatarUrl]) VALUES (N'1951bdbc-71b9-41a8-b3dd-4d9cbd789975', N'Hilde Rawle', N'hrawle1', N'$2a$08$4lNP9.zId7JFVbw86MoQ/ue5axgdl1iu2HODddj0peJu6XgL1nUFK', N'hrawle1@gmpg.org', N'0862334006', N'98813 Barby Alley', N'', N'8/21/2021', 0, 1, 1, N'/public/avatar/vit14.jpg')
INSERT [dbo].[tblUser] ([userId], [name], [username], [password], [email], [phone], [address], [googleId], [createDate], [salary], [role], [status], [avatarUrl]) VALUES (N'1adb3211-b1d7-466d-8b03-0d635969370b', N'Inigo Kohrsen', N'ikohrsenb', N'$2a$08$GNbJad29DLL5lEgjugbezeYUtox7/y1jZzAoxVN8h/d.8bCeTeEw.', N'ikohrsenb@europa.eu', N'0862334006', N'9 Raven Park', N'', N'8/21/2021', 0, 1, 1, N'/public/avatar/vit08.jpg')
INSERT [dbo].[tblUser] ([userId], [name], [username], [password], [email], [phone], [address], [googleId], [createDate], [salary], [role], [status], [avatarUrl]) VALUES (N'1b716f95-618f-4e91-a3cd-feeef61d0bd3', N'Briant Derrington', N'bderringtonq', N'$2a$08$1PFM/RPRPax72Z7Y1f0Sp.u/c/c7BJNanHG0A4rLqeWUn8kKDobEK', N'bderringtonq@dot.gov', N'0862334006', N'4 Manufacturers Center', N'', N'8/21/2021', 0, 1, 1, N'/public/avatar/vit07.jpg')
INSERT [dbo].[tblUser] ([userId], [name], [username], [password], [email], [phone], [address], [googleId], [createDate], [salary], [role], [status], [avatarUrl]) VALUES (N'37c2851c-dd99-4842-9c8c-626c9a5abb33', N'Robinia Lyford', N'rlyfordt', N'$2a$08$5uI3tOI238UrTLHo7uRAHu4oFyN/FvODmdFbz.MHXAKspgzqX8fTi', N'rlyfordt@taobao.com', N'0862334006', N'8686 Alpine Terrace', N'', N'8/21/2021', 0, 1, 1, N'/public/avatar/vit07.jpg')
INSERT [dbo].[tblUser] ([userId], [name], [username], [password], [email], [phone], [address], [googleId], [createDate], [salary], [role], [status], [avatarUrl]) VALUES (N'398f2dd4-e8b8-4a40-84c5-f99f28b8e25c', N'Dyanne Isitt', N'disitt17', N'$2a$08$uKdDw0e8Z/oNQZz1Zgmrv.dx5Zn4w/X38RcZKsljxIa1Kl5YkXShe', N'disitt17@who.int', N'0862334006', N'47976 Farwell Alley', N'', N'8/21/2021', 0, 1, 1, N'/public/avatar/vit07.jpg')
INSERT [dbo].[tblUser] ([userId], [name], [username], [password], [email], [phone], [address], [googleId], [createDate], [salary], [role], [status], [avatarUrl]) VALUES (N'3dcec739-d275-4493-aef0-47c8b2fb2ced', N'Sindee Sizey', N'ssizey5', N'$2a$08$JjNWOrLMBEeI/26644SMtezoHu4GQc0aaNRIdgNN4xijz4oPaSZAS', N'ssizey5@abc.net.au', N'0862334006', N'98 Dahle Pass', N'', N'8/21/2021', 0, 1, 1, N'/public/avatar/vit04.jpg')
INSERT [dbo].[tblUser] ([userId], [name], [username], [password], [email], [phone], [address], [googleId], [createDate], [salary], [role], [status], [avatarUrl]) VALUES (N'40ac0a4f-7f70-478d-8456-f12a74e928ae', N'Lesley Kynaston', N'lkynastonw', N'$2a$08$2bYorz5fKlgVKKKhEm6kpuLmfMMJHlqq57lCHNpVm/itY0LI8050i', N'lkynastonw@bloomberg.com', N'0862334006', N'51392 Red Cloud Way', N'', N'8/21/2021', 0, 1, 1, N'/public/avatar/vit02.jpg')
INSERT [dbo].[tblUser] ([userId], [name], [username], [password], [email], [phone], [address], [googleId], [createDate], [salary], [role], [status], [avatarUrl]) VALUES (N'4647c2bb-ad79-410f-be10-7dfc60b48e3a', N'Valentine Pourvoieur', N'vpourvoieurx', N'$2a$08$rjnay8GQafx1cMxRP8xoTOuiCTUNGJubQMJTmDK61TeR2KsK/Y4O6', N'vpourvoieurx@reference.com', N'0862334006', N'52 Stang Alley', N'', N'8/21/2021', 0, 1, 1, N'/public/avatar/vit11.jpg')
INSERT [dbo].[tblUser] ([userId], [name], [username], [password], [email], [phone], [address], [googleId], [createDate], [salary], [role], [status], [avatarUrl]) VALUES (N'46533b0a-4cd0-4aee-8e66-79ffa55b3960', N'Laurent Alkin', N'lalking', N'$2a$08$GxhUIYgeGr9jzh7b6luwwuLAzb7ojGIR4FQ/Wx7PwVS8fgLGRFbYy', N'lalking@creativecommons.org', N'0862334006', N'67 Loftsgordon Trail', N'', N'8/21/2021', 0, 1, 1, N'/public/avatar/vit01.jpg')
INSERT [dbo].[tblUser] ([userId], [name], [username], [password], [email], [phone], [address], [googleId], [createDate], [salary], [role], [status], [avatarUrl]) VALUES (N'4b0d93e4-d537-4323-a9da-b5a0690451ec', N'Vivianna O''Gaven', N'vogaven16', N'$2a$08$j19A02x8LTX2mBscke0xPepBTjMmoURGyKXKW/CalJnLwCMbVuTme', N'vogaven16@123-reg.co.uk', N'0862334006', N'53543 Buena Vista Terrace', N'', N'8/21/2021', 0, 1, 1, N'/public/avatar/vit13.jpg')
INSERT [dbo].[tblUser] ([userId], [name], [username], [password], [email], [phone], [address], [googleId], [createDate], [salary], [role], [status], [avatarUrl]) VALUES (N'6810de60-df4f-45ab-838d-c47880f7e45f', N'Doll Liddon', N'dliddon19', N'$2a$08$QjxH.Dinqm.Ej1xrZnd/aecJwC6iP1iBtZkwtZyvMUFByBfSEoiM6', N'dliddon19@ucoz.com', N'0862334006', N'8 Forest Dale Center', N'', N'8/21/2021', 0, 1, 1, N'/public/avatar/vit01.jpg')
INSERT [dbo].[tblUser] ([userId], [name], [username], [password], [email], [phone], [address], [googleId], [createDate], [salary], [role], [status], [avatarUrl]) VALUES (N'7183feb9-2d81-43d1-8566-159de30c5c8d', N'Crin Creffeild', N'ccreffeildf', N'$2a$08$ejXfVq/aneyWPesfSVqwAumwpWK0e9IAhf2263tf3LImFilXJHeoa', N'ccreffeildf@ezinearticles.com', N'0862334006', N'4 Atwood Point', N'', N'8/21/2021', 0, 1, 1, N'/public/avatar/vit06.jpg')
INSERT [dbo].[tblUser] ([userId], [name], [username], [password], [email], [phone], [address], [googleId], [createDate], [salary], [role], [status], [avatarUrl]) VALUES (N'785b6b74-ef87-4317-86e3-8a4c88890d3e', N'Mikey Vain', N'mvaino', N'$2a$08$JC0l7DN74AycGSxWTOQ8PuAMXUu7A/XALInr3z5x4halF9.W/lLz6', N'mvaino@livejournal.com', N'0862334006', N'6 Dawn Junction', N'', N'8/21/2021', 0, 1, 1, N'/public/avatar/vit13.jpg')
INSERT [dbo].[tblUser] ([userId], [name], [username], [password], [email], [phone], [address], [googleId], [createDate], [salary], [role], [status], [avatarUrl]) VALUES (N'795c6379-2475-4714-a9b1-03a206af1057', N'Denise Guerre', N'dguerrec', N'$2a$08$/7JxFG0NlPEZfNG6wyrOX.i6RAIn4.Vuc5Il1rS7dQ7psZufesNW6', N'dguerrec@twitpic.com', N'0862334006', N'36 North Street', N'', N'8/21/2021', 0, 1, 1, N'/public/avatar/vit04.jpg')
INSERT [dbo].[tblUser] ([userId], [name], [username], [password], [email], [phone], [address], [googleId], [createDate], [salary], [role], [status], [avatarUrl]) VALUES (N'7bae77d3-8776-46f4-af1d-57897a2a3dd6', N'Tedi Warcop', N'twarcop1a', N'$2a$08$l5u7LFM1SLUe9t/a/KScUe6ECsysoJTCh/2MHWI58AHB1nZN9QefC', N'twarcop1a@tmall.com', N'0862334006', N'4860 Dexter Avenue', N'', N'8/21/2021', 0, 1, 1, N'/public/avatar/vit07.jpg')
INSERT [dbo].[tblUser] ([userId], [name], [username], [password], [email], [phone], [address], [googleId], [createDate], [salary], [role], [status], [avatarUrl]) VALUES (N'7dd71773-016d-4062-a2df-a81d3902df30', N'Bernete Chapell', N'bchapellh', N'$2a$08$ixRDgSCY55dbOJrDw5wBkOfz6FiZBLRMGotUQq41ogNc7nECXs2LO', N'bchapellh@vistaprint.com', N'0862334006', N'270 Prentice Parkway', N'', N'8/21/2021', 0, 1, 1, N'/public/avatar/vit13.jpg')
INSERT [dbo].[tblUser] ([userId], [name], [username], [password], [email], [phone], [address], [googleId], [createDate], [salary], [role], [status], [avatarUrl]) VALUES (N'85560d93-25a1-4436-86c5-33a655fc15b6', N'Sisely Kohrt', N'skohrt18', N'$2a$08$ZiD8tW5AkgbliYpCk0eCNusI3e7.1/6OytW8sIvRjXrEDeqzCQ1.W', N'skohrt18@163.com', N'0862334006', N'60931 Moose Drive', N'', N'8/21/2021', 0, 1, 1, N'/public/avatar/vit07.jpg')
INSERT [dbo].[tblUser] ([userId], [name], [username], [password], [email], [phone], [address], [googleId], [createDate], [salary], [role], [status], [avatarUrl]) VALUES (N'87511aad-0d7e-48c1-9d47-14fa7008793d', N'Sandy Sweetenham', N'ssweetenham9', N'$2a$08$PScL3MowMy139rH8huoCCeGlW.VBWOOr441b3ztPbSXm1RypH8VQu', N'ssweetenham9@youtu.be', N'0862334006', N'0 Eggendart Alley', N'', N'8/21/2021', 0, 1, 1, N'/public/avatar/vit06.jpg')
INSERT [dbo].[tblUser] ([userId], [name], [username], [password], [email], [phone], [address], [googleId], [createDate], [salary], [role], [status], [avatarUrl]) VALUES (N'88b7d335-fb58-4beb-bc90-475716968bba', N'Patrick Bummfrey', N'pbummfrey1d', N'$2a$08$GeT6Pq4.BoGgOEmiDyljve1Z34ZeKOkLx1FcFv6nuLV4fVIFJHyI.', N'pbummfrey1d@nyu.edu', N'0862334006', N'26 Steensland Pass', N'', N'8/21/2021', 0, 1, 1, N'/public/avatar/vit14.jpg')
INSERT [dbo].[tblUser] ([userId], [name], [username], [password], [email], [phone], [address], [googleId], [createDate], [salary], [role], [status], [avatarUrl]) VALUES (N'89bb117c-0865-4849-9360-b9047ec4dac0', N'Jodie Inglesant', N'jinglesant1c', N'$2a$08$LnS0xdEITgYYmA.W4sFTde74HV43BmKnWpm3C2VaeIrONpsSJaA3C', N'jinglesant1c@time.com', N'0862334006', N'32 Boyd Plaza', N'', N'8/21/2021', 0, 1, 1, N'/public/avatar/vit13.jpg')
INSERT [dbo].[tblUser] ([userId], [name], [username], [password], [email], [phone], [address], [googleId], [createDate], [salary], [role], [status], [avatarUrl]) VALUES (N'8c871933-de94-4db4-ab55-9408eb4b695e', N'Nevins Brougham', N'nbrougham10', N'$2a$08$afq9IMX3M/mcNXHtwNvZK.3r4c1A5qv1zTU59eatJ9VOdji6y2KYS', N'nbrougham10@mysql.com', N'0862334006', N'1240 Garrison Way', N'', N'8/21/2021', 0, 1, 1, N'/public/avatar/vit14.jpg')
INSERT [dbo].[tblUser] ([userId], [name], [username], [password], [email], [phone], [address], [googleId], [createDate], [salary], [role], [status], [avatarUrl]) VALUES (N'90f03041-a442-42df-9359-9017181d0007', N'Lucita Vasyutin', N'lvasyutinu', N'$2a$08$Ie3e2Lduqj.7rLJCkdpji.eYmSHP2a6SA7C35GusVa.28A1pC7E5m', N'lvasyutinu@cam.ac.uk', N'0862334006', N'3 Pennsylvania Place', N'', N'8/21/2021', 0, 1, 1, N'/public/avatar/vit12.jpg')
INSERT [dbo].[tblUser] ([userId], [name], [username], [password], [email], [phone], [address], [googleId], [createDate], [salary], [role], [status], [avatarUrl]) VALUES (N'938a17f7-5d2b-43d9-9886-55e39104d51d', N'Linn Haryngton', N'lharyngton0', N'$2a$08$i16EjHyR9M.SJ1QE6R/qx.q77zbtaKGUyaOPV4eoa/tqMbduG9PAC', N'lharyngton0@sohu.com', N'0862334006', N'761 1st Plaza', N'', N'8/21/2021', 0, 1, 1, N'/public/avatar/vit12.jpg')
INSERT [dbo].[tblUser] ([userId], [name], [username], [password], [email], [phone], [address], [googleId], [createDate], [salary], [role], [status], [avatarUrl]) VALUES (N'9dc578a2-0b83-4e8c-9092-8f4393c7b50b', N'Romona Ricks', N'rricks12', N'$2a$08$HIPP97bJDMo6YY57fByFwe4iBU4c2ZcISrBR8T4hNhiKOwMZhInVW', N'rricks12@ycombinator.com', N'0862334006', N'1409 Maryland Circle', N'', N'8/21/2021', 0, 1, 1, N'/public/avatar/vit03.jpg')
INSERT [dbo].[tblUser] ([userId], [name], [username], [password], [email], [phone], [address], [googleId], [createDate], [salary], [role], [status], [avatarUrl]) VALUES (N'a5b49ca8-d179-47df-ab1e-a452b8ea9935', N'Wanids Nuccitelli', N'wnuccitellim', N'$2a$08$67xgiHw3uQLpMq0DvqkHU.pGb9DzV.JWsM8uVj2a5I.iPP.LqMkc6', N'wnuccitellim@nydailynews.com', N'0862334006', N'842 Ramsey Center', N'', N'8/21/2021', 0, 1, 1, N'/public/avatar/vit10.jpg')
INSERT [dbo].[tblUser] ([userId], [name], [username], [password], [email], [phone], [address], [googleId], [createDate], [salary], [role], [status], [avatarUrl]) VALUES (N'a658ac57-fbf2-4269-8ca7-464f3e631f65', N'Deck Tuer', N'dtuerz', N'$2a$08$qwqOlqvr7zCTgnJ9Gd4eFe79mtJXUve6kH/.At1aohNw5h4pPlo9e', N'dtuerz@hhs.gov', N'0862334006', N'720 Delaware Place', N'', N'8/21/2021', 0, 1, 1, N'/public/avatar/vit04.jpg')
INSERT [dbo].[tblUser] ([userId], [name], [username], [password], [email], [phone], [address], [googleId], [createDate], [salary], [role], [status], [avatarUrl]) VALUES (N'a7904286-201c-49bf-8810-5a88626cf5e0', N'Donovan Spring', N'dspring14', N'$2a$08$3emjV579PLHiQ.O/m1AUg.ETzHs.QSrCMnk8evGSi9YNcbpGMcgTO', N'dspring14@gnu.org', N'0862334006', N'519 Lakeland Pass', N'', N'8/21/2021', 0, 1, 1, N'/public/avatar/vit08.jpg')
INSERT [dbo].[tblUser] ([userId], [name], [username], [password], [email], [phone], [address], [googleId], [createDate], [salary], [role], [status], [avatarUrl]) VALUES (N'a81b16cb-69c4-4e63-aec2-aa9bec5dfcde', N'Tate Casotti', N'tcasottii', N'$2a$08$ybgHI2C/XzzQPJehPRO.6.u6qCyJOjAfnxiagw93PvD60dAuua6e6', N'tcasottii@qq.com', N'0862334006', N'514 Messerschmidt Plaza', N'', N'8/21/2021', 0, 1, 1, N'/public/avatar/vit14.jpg')
INSERT [dbo].[tblUser] ([userId], [name], [username], [password], [email], [phone], [address], [googleId], [createDate], [salary], [role], [status], [avatarUrl]) VALUES (N'b82cdf22-c2ee-4d74-b173-10448b162353', N'Prudence Pabst', N'ppabste', N'$2a$08$l1dGJPRjXbrkufHFRV8JV.O.m8pZreOHEnhhNq6Xz9Va6wXQx7Qxq', N'ppabste@themeforest.net', N'0862334006', N'0 Hallows Junction', N'', N'8/21/2021', 0, 1, 1, N'/public/avatar/vit15.jpg')
INSERT [dbo].[tblUser] ([userId], [name], [username], [password], [email], [phone], [address], [googleId], [createDate], [salary], [role], [status], [avatarUrl]) VALUES (N'bc7dcfa0-8e2c-4c3e-a27a-8ad21edcf3eb', N'Noland Longmuir', N'nlongmuirp', N'$2a$08$WwyDGm1K4KY15duGB0QqN.QrtCBp7YXCcykmzecbyrrb2lDWZwe12', N'nlongmuirp@psu.edu', N'0862334006', N'1126 Hoard Point', N'', N'8/21/2021', 0, 1, 1, N'/public/avatar/vit01.jpg')
INSERT [dbo].[tblUser] ([userId], [name], [username], [password], [email], [phone], [address], [googleId], [createDate], [salary], [role], [status], [avatarUrl]) VALUES (N'bfec32f8-9480-4a8a-9ad6-d4187adb7714', N'Rochelle Farryan', N'rfarryanl', N'$2a$08$qa3YDB6DJESq16bbxAjiGebGcRQPnHCnU4aPhyWnXJrL0nFmvOOBu', N'rfarryanl@unicef.org', N'0862334006', N'97 Claremont Street', N'', N'8/21/2021', 0, 1, 1, N'/public/avatar/vit04.jpg')
INSERT [dbo].[tblUser] ([userId], [name], [username], [password], [email], [phone], [address], [googleId], [createDate], [salary], [role], [status], [avatarUrl]) VALUES (N'c6ba30de-2b18-4b45-a09f-7bba8851dba5', N'Reider Kennagh', N'rkennagh3', N'$2a$08$xmPbNKtbM9hcQd0FNXi5WOGecy/XgAqlGQUWS4Oxt.sUDsdaL84Qm', N'rkennagh3@myspace.com', N'0862334006', N'0 Monument Avenue', N'', N'8/21/2021', 0, 1, 1, N'/public/avatar/vit14.jpg')
INSERT [dbo].[tblUser] ([userId], [name], [username], [password], [email], [phone], [address], [googleId], [createDate], [salary], [role], [status], [avatarUrl]) VALUES (N'ccac200d-4e39-462a-8bcf-0395cf064968', N'Dawna Pereira', N'dpereirar', N'$2a$08$vnBTLI76aLTxjoySIdM4HezGRXGsSh3WIVoBbsuEiNx1l3IrVFC4S', N'dpereirar@berkeley.edu', N'0862334006', N'85914 Dottie Avenue', N'', N'8/21/2021', 0, 1, 1, N'/public/avatar/vit09.jpg')
INSERT [dbo].[tblUser] ([userId], [name], [username], [password], [email], [phone], [address], [googleId], [createDate], [salary], [role], [status], [avatarUrl]) VALUES (N'cee2d7d4-8329-4f2f-b45f-faa9a9a63d3c', N'Thomasine Cheetham', N'tcheethamk', N'$2a$08$myq9KK71nZsJxM6Z9o9XTe9KuPWNJsIsQptNEAodBnudsYdQJC4N2', N'tcheethamk@biglobe.ne.jp', N'0862334006', N'24 Butternut Street', N'', N'8/21/2021', 0, 1, 1, N'/public/avatar/vit05.jpg')
INSERT [dbo].[tblUser] ([userId], [name], [username], [password], [email], [phone], [address], [googleId], [createDate], [salary], [role], [status], [avatarUrl]) VALUES (N'd6c30466-dd1b-46d1-abc1-c363707d2cca', N'Velvet Schankelborg', N'vschankelborg7', N'$2a$08$GxlyDRplNS09Rn/lUAN4OuAt9kSHRT5cZiJbxTuU8SSotrip/ONHS', N'vschankelborg7@irs.gov', N'0862334006', N'1 Duke Circle', N'', N'8/21/2021', 0, 1, 1, N'/public/avatar/vit09.jpg')
INSERT [dbo].[tblUser] ([userId], [name], [username], [password], [email], [phone], [address], [googleId], [createDate], [salary], [role], [status], [avatarUrl]) VALUES (N'dacfcfca-8088-475e-9913-a56e40acc6d8', N'Kaiser Noades', N'knoadesa', N'$2a$08$AOFWxPm3BcNOKZLaOEfPTeDi35p3dSUBoKLwxfgSCaSLcmwbLXldC', N'knoadesa@ihg.com', N'0862334006', N'448 Sage Circle', N'', N'8/21/2021', 0, 1, 1, N'/public/avatar/vit02.jpg')
INSERT [dbo].[tblUser] ([userId], [name], [username], [password], [email], [phone], [address], [googleId], [createDate], [salary], [role], [status], [avatarUrl]) VALUES (N'dcd8cc09-7fa1-4077-8c69-0f1138761b24', N'Cao Chi Hai', N'haicao', N'$2a$08$EIKy.8hiwwEOO.yKegJ30uNP7FQ6wOxxZjO5nlfhtw7amH3i8sTP6', N'haicao2805@gmail.com', N'0862334006', N'506 Mai Van Khai', N'', N'8/21/2021', 0, 4, 1, N'/public/avatar/vit08.jpg')
INSERT [dbo].[tblUser] ([userId], [name], [username], [password], [email], [phone], [address], [googleId], [createDate], [salary], [role], [status], [avatarUrl]) VALUES (N'deedde0f-246c-4244-8444-1c4bd81f6939', N'Lottie Rigeby', N'lrigeby1b', N'$2a$08$vJI6oXJ5O7n3jBsA0QAkL.mrGZM070ZpvQmIaIIV7Gk2D/qqSWpfy', N'lrigeby1b@vinaora.com', N'0862334006', N'3399 Bluestem Center', N'', N'8/21/2021', 0, 1, 1, N'/public/avatar/vit09.jpg')
INSERT [dbo].[tblUser] ([userId], [name], [username], [password], [email], [phone], [address], [googleId], [createDate], [salary], [role], [status], [avatarUrl]) VALUES (N'ef73ff7a-aaab-4125-9e4e-f0f23ef2fda0', N'Faina Hammerberger', N'fhammerberger11', N'$2a$08$Z5wBsfM1aIwKotyLpjJ/Zu6pEh5Yl2.x/Ba1h.pK5YZfFSJJwPc1u', N'fhammerberger11@mail.ru', N'0862334006', N'880 Burrows Crossing', N'', N'8/21/2021', 0, 1, 1, N'/public/avatar/vit05.jpg')
INSERT [dbo].[tblUser] ([userId], [name], [username], [password], [email], [phone], [address], [googleId], [createDate], [salary], [role], [status], [avatarUrl]) VALUES (N'f633b295-0ee1-4ed9-8077-35ea167d47a9', N'Viv Fernie', N'vfernien', N'$2a$08$c1PKY4X8OHtS43bB8SoasOpGtS5lrSrNJRXqes4hDNvOqYDvJLWWa', N'vfernien@businesswire.com', N'0862334006', N'2 Dexter Street', N'', N'8/21/2021', 0, 1, 1, N'/public/avatar/vit13.jpg')
INSERT [dbo].[tblUser] ([userId], [name], [username], [password], [email], [phone], [address], [googleId], [createDate], [salary], [role], [status], [avatarUrl]) VALUES (N'f7ae190e-a88a-4499-8649-70604d855c21', N'Janot MacMurray', N'jmacmurray2', N'$2a$08$Tx/uufeFGfqi7FukdIAUheXSFz8Wk8Qh5a/Q8KUYz/keAoJxTnFCK', N'jmacmurray2@1und1.de', N'0862334006', N'9418 Esker Center', N'', N'8/21/2021', 0, 1, 1, N'/public/avatar/vit08.jpg')
INSERT [dbo].[tblUser] ([userId], [name], [username], [password], [email], [phone], [address], [googleId], [createDate], [salary], [role], [status], [avatarUrl]) VALUES (N'fefbc9e1-da37-4fb7-9e1f-d377d709e5fb', N'Katlin Naisbitt', N'knaisbitt6', N'$2a$08$weaDTOFqpj7DuL4yYwzxQu.xs22y1IfAip54YfoS1jnMjwEBSsNlu', N'knaisbitt6@trellian.com', N'0862334006', N'02 Transport Drive', N'', N'8/21/2021', 0, 1, 1, N'/public/avatar/vit10.jpg')

CREATE TABLE tblCategory(
	categoryId varchar(40) NOT NULL,
	name nvarchar(40) NOT NULL,
	status INTEGER NOT NULL,
	createDate varchar(20) NOT NULL
	PRIMARY KEY(categoryId)
)
GO

INSERT [dbo].[tblCategory] ([categoryId], [name], [status], [createDate]) VALUES (N'103725f4-238e-4f7f-a5d1-f993aa399e49', N'BÁNH KẸO CÁC LOẠI', 0, N'8/20/2021')
INSERT [dbo].[tblCategory] ([categoryId], [name], [status], [createDate]) VALUES (N'292224b2-a861-4675-807f-31bc6b898609', N'SỮA UỐNG CÁC LOẠI', 0, N'8/20/2021')
INSERT [dbo].[tblCategory] ([categoryId], [name], [status], [createDate]) VALUES (N'322778b1-16de-4d6c-8263-fc2a5f891be3', N'TÃ, ĐỒ CHO BÉ', 0, N'8/20/2021')
INSERT [dbo].[tblCategory] ([categoryId], [name], [status], [createDate]) VALUES (N'510410e7-b76b-4945-9de9-1bc203f6c558', N'ĐỒ DÙNG GIA ĐÌNH', 0, N'8/20/2021')
INSERT [dbo].[tblCategory] ([categoryId], [name], [status], [createDate]) VALUES (N'5ae2a473-9868-4b60-bd58-99fb7d3e8c61', N'DẦU ĂN, GIA VỊ', 0, N'8/20/2021')
INSERT [dbo].[tblCategory] ([categoryId], [name], [status], [createDate]) VALUES (N'682c6070-b76f-460c-b90b-c6274d3b3605', N'THỊT, CÁ, TRỨNG, RAU ', 0, N'8/20/2021')
INSERT [dbo].[tblCategory] ([categoryId], [name], [status], [createDate]) VALUES (N'6c2a4765-d8cb-4d2b-bb73-2206d83aa497', N'MÌ, CHÁO, PHỞ, BÚN', 0, N'8/20/2021')
INSERT [dbo].[tblCategory] ([categoryId], [name], [status], [createDate]) VALUES (N'7cb2c3ed-0350-41e1-9093-5d09b6a29f00', N'ĐỒ UỐNG CÁC LOẠI', 0, N'8/20/2021')
INSERT [dbo].[tblCategory] ([categoryId], [name], [status], [createDate]) VALUES (N'8e178f79-63d1-4214-8c1f-06b05dd55aac', N'CHĂM SÓC CÁ NHÂN', 0, N'8/20/2021')
INSERT [dbo].[tblCategory] ([categoryId], [name], [status], [createDate]) VALUES (N'93be2188-d058-4c65-adcf-bf144b6ac8f9', N'ĐỒ MÁT, ĐÔNG LẠNH', 0, N'8/20/2021')
INSERT [dbo].[tblCategory] ([categoryId], [name], [status], [createDate]) VALUES (N'd03391eb-1323-40a6-81d1-2cfca17a9fa0', N'CHĂM SÓC THÚ CƯNG', 0, N'8/20/2021')
INSERT [dbo].[tblCategory] ([categoryId], [name], [status], [createDate]) VALUES (N'db7daf56-f1c7-4543-b31c-5cc0b5130458', N'GẠO, BỘT, ĐỒ KHÔ', 0, N'8/20/2021')
INSERT [dbo].[tblCategory] ([categoryId], [name], [status], [createDate]) VALUES (N'e0390939-f31b-48eb-9cc9-197f0319adfd', N'VỆ SINH NHÀ CỬA', 0, N'8/20/2021')

CREATE TABLE tblSubCategory(
	subCategoryId varchar(40) NOT NULL,
	name nvarchar(40) NOT NULL,
	status INTEGER NOT NULL,
	createDate varchar(20) NOT NULL,
	categoryId varchar(40) NOT NULL,
	FOREIGN KEY(categoryId) REFERENCES tblCategory(categoryId),
	PRIMARY KEY(subCategoryId)
)
GO

INSERT [dbo].[tblSubCategory] ([subCategoryId], [name], [status], [createDate], [categoryId]) VALUES (N'02075696-0f74-490a-a789-b07cb4c0a439', N' Nước súc miệng, tăm ', 0, N'8/20/2021', N'8e178f79-63d1-4214-8c1f-06b05dd55aac')
INSERT [dbo].[tblSubCategory] ([subCategoryId], [name], [status], [createDate], [categoryId]) VALUES (N'02ad0dbb-6564-443c-8fed-a189c2cc8163', N' Hạt nêm, bột ngọt ', 0, N'8/20/2021', N'5ae2a473-9868-4b60-bd58-99fb7d3e8c61')
INSERT [dbo].[tblSubCategory] ([subCategoryId], [name], [status], [createDate], [categoryId]) VALUES (N'0392f1fe-4859-475d-bb78-d9b9477d3b45', N' Xúc xích, chả lụa ', 0, N'8/20/2021', N'93be2188-d058-4c65-adcf-bf144b6ac8f9')
INSERT [dbo].[tblSubCategory] ([subCategoryId], [name], [status], [createDate], [categoryId]) VALUES (N'06fea2eb-3694-4f41-a138-823287072d17', N' Dầu hào, giấm, bơ ', 0, N'8/20/2021', N'5ae2a473-9868-4b60-bd58-99fb7d3e8c61')
INSERT [dbo].[tblSubCategory] ([subCategoryId], [name], [status], [createDate], [categoryId]) VALUES (N'0b1365d0-0a7f-48be-b3cb-8858556ba495', N' Há cảo, bánh xếp ', 0, N'8/20/2021', N'93be2188-d058-4c65-adcf-bf144b6ac8f9')
INSERT [dbo].[tblSubCategory] ([subCategoryId], [name], [status], [createDate], [categoryId]) VALUES (N'0d3f0e95-6d20-4e3e-88e1-c5342b09a3a5', N' Rong biển, tảo biển ', 0, N'8/20/2021', N'db7daf56-f1c7-4543-b31c-5cc0b5130458')
INSERT [dbo].[tblSubCategory] ([subCategoryId], [name], [status], [createDate], [categoryId]) VALUES (N'0e171f8b-0dca-473c-89ad-0ae0b6649284', N' Ăn vặt văn phòng ', 0, N'8/20/2021', N'103725f4-238e-4f7f-a5d1-f993aa399e49')
INSERT [dbo].[tblSubCategory] ([subCategoryId], [name], [status], [createDate], [categoryId]) VALUES (N'0e273f59-052c-4610-8cbe-834de4723041', N' Mứt, thạch các loại ', 0, N'8/20/2021', N'103725f4-238e-4f7f-a5d1-f993aa399e49')
INSERT [dbo].[tblSubCategory] ([subCategoryId], [name], [status], [createDate], [categoryId]) VALUES (N'0f611e0c-ae76-4192-be19-67f27a489435', N' Trà sữa đóng chai ', 0, N'8/20/2021', N'7cb2c3ed-0350-41e1-9093-5d09b6a29f00')
INSERT [dbo].[tblSubCategory] ([subCategoryId], [name], [status], [createDate], [categoryId]) VALUES (N'0f8da669-c8ef-4acc-ab35-e53be27428eb', N' Đường, muối, gia vị ', 0, N'8/20/2021', N'5ae2a473-9868-4b60-bd58-99fb7d3e8c61')
INSERT [dbo].[tblSubCategory] ([subCategoryId], [name], [status], [createDate], [categoryId]) VALUES (N'142fe83d-c2fb-44a9-ba33-b8b1c0eeea42', N' Sữa uống cho bé ', 0, N'8/20/2021', N'322778b1-16de-4d6c-8263-fc2a5f891be3')
INSERT [dbo].[tblSubCategory] ([subCategoryId], [name], [status], [createDate], [categoryId]) VALUES (N'1807fc55-19a0-47af-9c99-78ac54162dc8', N' Cá mắm, đồ chua ', 0, N'8/20/2021', N'db7daf56-f1c7-4543-b31c-5cc0b5130458')
INSERT [dbo].[tblSubCategory] ([subCategoryId], [name], [status], [createDate], [categoryId]) VALUES (N'19115a5d-16a2-47af-beb7-d0724cd89838', N' Bánh quy, bánh trứng ', 0, N'8/20/2021', N'103725f4-238e-4f7f-a5d1-f993aa399e49')
INSERT [dbo].[tblSubCategory] ([subCategoryId], [name], [status], [createDate], [categoryId]) VALUES (N'19924e3c-a4a8-4f40-a3ee-4a046f75fff1', N' Đậu hũ, cá khô ', 0, N'8/20/2021', N'93be2188-d058-4c65-adcf-bf144b6ac8f9')
INSERT [dbo].[tblSubCategory] ([subCategoryId], [name], [status], [createDate], [categoryId]) VALUES (N'1afe30c0-5417-4716-9b05-2b1d496b9bcd', N' Cafe, trà các loại ', 0, N'8/20/2021', N'7cb2c3ed-0350-41e1-9093-5d09b6a29f00')
INSERT [dbo].[tblSubCategory] ([subCategoryId], [name], [status], [createDate], [categoryId]) VALUES (N'1b75027a-66a0-4c56-9747-937b326285d3', N' Lau sàn, lau bếp ', 0, N'8/20/2021', N'e0390939-f31b-48eb-9cc9-197f0319adfd')
INSERT [dbo].[tblSubCategory] ([subCategoryId], [name], [status], [createDate], [categoryId]) VALUES (N'1e4f6c5f-3822-44ee-8ab6-5e95439ec73f', N' Gạo ngon các loại ', 0, N'8/20/2021', N'db7daf56-f1c7-4543-b31c-5cc0b5130458')
INSERT [dbo].[tblSubCategory] ([subCategoryId], [name], [status], [createDate], [categoryId]) VALUES (N'20680106-c3a7-4d34-8d33-59c0845d2e8a', N' Chả giò, chả ram ', 0, N'8/20/2021', N'93be2188-d058-4c65-adcf-bf144b6ac8f9')
INSERT [dbo].[tblSubCategory] ([subCategoryId], [name], [status], [createDate], [categoryId]) VALUES (N'225c7caf-4ebe-4a72-8c8d-07c77e712673', N' Thực phẩm sơ chế ', 0, N'8/20/2021', N'682c6070-b76f-460c-b90b-c6274d3b3605')
INSERT [dbo].[tblSubCategory] ([subCategoryId], [name], [status], [createDate], [categoryId]) VALUES (N'263822b0-9d55-4b33-a0de-eee9be3574e2', N' Nước giặt, bột giặt ', 0, N'8/20/2021', N'e0390939-f31b-48eb-9cc9-197f0319adfd')
INSERT [dbo].[tblSubCategory] ([subCategoryId], [name], [status], [createDate], [categoryId]) VALUES (N'28760027-1481-4117-b97c-ffb51b6cadb5', N' Hải sản đông lạnh ', 0, N'8/20/2021', N'93be2188-d058-4c65-adcf-bf144b6ac8f9')
INSERT [dbo].[tblSubCategory] ([subCategoryId], [name], [status], [createDate], [categoryId]) VALUES (N'2a20a9e3-cf25-4269-b510-f0a4695f2444', N' Sữa chua, phô mai ', 0, N'8/20/2021', N'93be2188-d058-4c65-adcf-bf144b6ac8f9')
INSERT [dbo].[tblSubCategory] ([subCategoryId], [name], [status], [createDate], [categoryId]) VALUES (N'2c138363-ba9b-4ec1-9c6a-acf48a77ad70', N' Xúc xích, lạp xưởng ', 0, N'8/20/2021', N'db7daf56-f1c7-4543-b31c-5cc0b5130458')
INSERT [dbo].[tblSubCategory] ([subCategoryId], [name], [status], [createDate], [categoryId]) VALUES (N'2cd9ca41-e629-4b3b-94f0-dac0a8b5b08c', N' Các đồ dùng khác ', 0, N'8/20/2021', N'510410e7-b76b-4945-9de9-1bc203f6c558')
INSERT [dbo].[tblSubCategory] ([subCategoryId], [name], [status], [createDate], [categoryId]) VALUES (N'2ee5ab22-4d21-4618-a8ea-3b590805dec2', N' Bia, nước có cồn ', 0, N'8/20/2021', N'7cb2c3ed-0350-41e1-9093-5d09b6a29f00')
INSERT [dbo].[tblSubCategory] ([subCategoryId], [name], [status], [createDate], [categoryId]) VALUES (N'30b1db8c-5e52-4f34-ac22-0aeae420977e', N' Trái cây tươi ngon ', 0, N'8/20/2021', N'682c6070-b76f-460c-b90b-c6274d3b3605')
INSERT [dbo].[tblSubCategory] ([subCategoryId], [name], [status], [createDate], [categoryId]) VALUES (N'315ad295-51ad-4460-b631-310a3b511865', N' Hộp đựng thực phẩm ', 0, N'8/20/2021', N'510410e7-b76b-4945-9de9-1bc203f6c558')
INSERT [dbo].[tblSubCategory] ([subCategoryId], [name], [status], [createDate], [categoryId]) VALUES (N'315c7c0a-6916-48ee-b3cc-a262a4ab541f', N' Thực phẩm làm sẵn ', 0, N'8/20/2021', N'93be2188-d058-4c65-adcf-bf144b6ac8f9')
INSERT [dbo].[tblSubCategory] ([subCategoryId], [name], [status], [createDate], [categoryId]) VALUES (N'3166ab2f-6bd9-4be7-b0e7-5527b0976266', N' Mì, nui, bún khô ', 0, N'8/20/2021', N'db7daf56-f1c7-4543-b31c-5cc0b5130458')
INSERT [dbo].[tblSubCategory] ([subCategoryId], [name], [status], [createDate], [categoryId]) VALUES (N'32b013ba-9fe0-42a4-bf8b-bd8bd096febd', N' Chải răng cho bé ', 0, N'8/20/2021', N'322778b1-16de-4d6c-8263-fc2a5f891be3')
INSERT [dbo].[tblSubCategory] ([subCategoryId], [name], [status], [createDate], [categoryId]) VALUES (N'32f5c0bf-800b-4f4f-8a79-223af984a932', N' Bánh que, bánh quế ', 0, N'8/20/2021', N'103725f4-238e-4f7f-a5d1-f993aa399e49')
INSERT [dbo].[tblSubCategory] ([subCategoryId], [name], [status], [createDate], [categoryId]) VALUES (N'33b5d008-f9a6-4b1c-aad4-5cf95a1c0e03', N' Ngũ cốc, ca cao ', 0, N'8/20/2021', N'292224b2-a861-4675-807f-31bc6b898609')
INSERT [dbo].[tblSubCategory] ([subCategoryId], [name], [status], [createDate], [categoryId]) VALUES (N'35ab34d8-f55c-461e-bfb2-2196f093f5c4', N' Nước tẩy quần áo ', 0, N'8/20/2021', N'e0390939-f31b-48eb-9cc9-197f0319adfd')
INSERT [dbo].[tblSubCategory] ([subCategoryId], [name], [status], [createDate], [categoryId]) VALUES (N'38009850-7095-4492-9492-4b4db5decf65', N' Đậu, nấm, đồ khô ', 0, N'8/20/2021', N'db7daf56-f1c7-4543-b31c-5cc0b5130458')
INSERT [dbo].[tblSubCategory] ([subCategoryId], [name], [status], [createDate], [categoryId]) VALUES (N'40b1b817-4a48-45e4-ae67-1180ae7e7bd1', N' Nước xả quần áo ', 0, N'8/20/2021', N'e0390939-f31b-48eb-9cc9-197f0319adfd')
INSERT [dbo].[tblSubCategory] ([subCategoryId], [name], [status], [createDate], [categoryId]) VALUES (N'4618b97c-72c6-45ad-9d29-c5d6126c7d1b', N' Dưỡng thể, chống nắng ', 0, N'8/20/2021', N'8e178f79-63d1-4214-8c1f-06b05dd55aac')
INSERT [dbo].[tblSubCategory] ([subCategoryId], [name], [status], [createDate], [categoryId]) VALUES (N'47c6ef51-46d1-4ccc-9eb2-5d6848dc687e', N' Thực phẩm đông lạnh ', 0, N'8/20/2021', N'682c6070-b76f-460c-b90b-c6274d3b3605')
INSERT [dbo].[tblSubCategory] ([subCategoryId], [name], [status], [createDate], [categoryId]) VALUES (N'481a08c0-7508-4776-8e04-32f2d13bb5f3', N' Mật ong, bột nghệ ', 0, N'8/20/2021', N'7cb2c3ed-0350-41e1-9093-5d09b6a29f00')
INSERT [dbo].[tblSubCategory] ([subCategoryId], [name], [status], [createDate], [categoryId]) VALUES (N'4aba090d-8070-499f-9364-b339c3953820', N' Nước ngọt, nước trà ', 0, N'8/20/2021', N'7cb2c3ed-0350-41e1-9093-5d09b6a29f00')
INSERT [dbo].[tblSubCategory] ([subCategoryId], [name], [status], [createDate], [categoryId]) VALUES (N'4e1d854b-7ade-42e6-bf2e-35a41e75e78f', N' Bình diệt côn trùng ', 0, N'8/20/2021', N'e0390939-f31b-48eb-9cc9-197f0319adfd')
INSERT [dbo].[tblSubCategory] ([subCategoryId], [name], [status], [createDate], [categoryId]) VALUES (N'4ece3946-0baf-440b-bbb8-3dd6b1c84e4f', N' Lăn xịt khử mùi ', 0, N'8/20/2021', N'8e178f79-63d1-4214-8c1f-06b05dd55aac')
INSERT [dbo].[tblSubCategory] ([subCategoryId], [name], [status], [createDate], [categoryId]) VALUES (N'4f3eb552-2700-41e9-8c7e-8f32c42a1e64', N' Rau củ, rau nêm ', 0, N'8/20/2021', N'682c6070-b76f-460c-b90b-c6274d3b3605')
INSERT [dbo].[tblSubCategory] ([subCategoryId], [name], [status], [createDate], [categoryId]) VALUES (N'52ac2c5f-1199-4d16-ba1f-694dea8e5b87', N' Đồ hộp các loại ', 0, N'8/20/2021', N'db7daf56-f1c7-4543-b31c-5cc0b5130458')
INSERT [dbo].[tblSubCategory] ([subCategoryId], [name], [status], [createDate], [categoryId]) VALUES (N'53738115-ad5b-44e4-a3ba-bc73a016cc3a', N' Đồ chăm sóc khác ', 0, N'8/20/2021', N'8e178f79-63d1-4214-8c1f-06b05dd55aac')
INSERT [dbo].[tblSubCategory] ([subCategoryId], [name], [status], [createDate], [categoryId]) VALUES (N'5590e142-6a0f-466b-85dc-c47e9a5e754d', N' Rau xanh 4KFarm ', 0, N'8/20/2021', N'682c6070-b76f-460c-b90b-c6274d3b3605')
INSERT [dbo].[tblSubCategory] ([subCategoryId], [name], [status], [createDate], [categoryId]) VALUES (N'5661e8db-b0ec-4383-85ce-23b49e0aa025', N' Túi, bao đựng rác ', 0, N'8/20/2021', N'e0390939-f31b-48eb-9cc9-197f0319adfd')
INSERT [dbo].[tblSubCategory] ([subCategoryId], [name], [status], [createDate], [categoryId]) VALUES (N'57986729-e762-45fa-9c8d-27801bfeca86', N' Khăn giấy, khăn ướt ', 0, N'8/20/2021', N'8e178f79-63d1-4214-8c1f-06b05dd55aac')
INSERT [dbo].[tblSubCategory] ([subCategoryId], [name], [status], [createDate], [categoryId]) VALUES (N'5eebb17b-e1a2-4ff2-8e23-c44bc8e0085f', N' Cá viên, bò viên ', 0, N'8/20/2021', N'93be2188-d058-4c65-adcf-bf144b6ac8f9')
INSERT [dbo].[tblSubCategory] ([subCategoryId], [name], [status], [createDate], [categoryId]) VALUES (N'5f0ca6f7-0d9c-4b67-9d1c-749e8590c6c5', N' Nước giặt, nước xả ', 0, N'8/20/2021', N'322778b1-16de-4d6c-8263-fc2a5f891be3')
INSERT [dbo].[tblSubCategory] ([subCategoryId], [name], [status], [createDate], [categoryId]) VALUES (N'613f9169-8534-45bd-9e75-789d55d071ad', N' Chăm sóc da mặt ', 0, N'8/20/2021', N'8e178f79-63d1-4214-8c1f-06b05dd55aac')
INSERT [dbo].[tblSubCategory] ([subCategoryId], [name], [status], [createDate], [categoryId]) VALUES (N'6356661a-36de-4e5c-a1dd-5be76ec42e3c', N' Sữa bột các loại ', 0, N'8/20/2021', N'292224b2-a861-4675-807f-31bc6b898609')
INSERT [dbo].[tblSubCategory] ([subCategoryId], [name], [status], [createDate], [categoryId]) VALUES (N'6548baf5-6179-46ff-85ba-06b3e67b14a8', N' Bánh ngọt, sandwich ', 0, N'8/20/2021', N'93be2188-d058-4c65-adcf-bf144b6ac8f9')
INSERT [dbo].[tblSubCategory] ([subCategoryId], [name], [status], [createDate], [categoryId]) VALUES (N'65faa882-ebc4-4baf-989e-620d16f9a727', N' Nước uống trái cây ', 0, N'8/20/2021', N'7cb2c3ed-0350-41e1-9093-5d09b6a29f00')
INSERT [dbo].[tblSubCategory] ([subCategoryId], [name], [status], [createDate], [categoryId]) VALUES (N'66646bc1-04a0-493b-a137-42bf939b52b1', N' Bánh tráng, bánh phồng ', 0, N'8/20/2021', N'db7daf56-f1c7-4543-b31c-5cc0b5130458')
INSERT [dbo].[tblSubCategory] ([subCategoryId], [name], [status], [createDate], [categoryId]) VALUES (N'6c3ec357-5969-461f-bcc4-99fa135b44e0', N' Thức uống lúa mạch ', 0, N'8/20/2021', N'292224b2-a861-4675-807f-31bc6b898609')
INSERT [dbo].[tblSubCategory] ([subCategoryId], [name], [status], [createDate], [categoryId]) VALUES (N'6cb129fa-9034-4ab5-8644-fc06cf9b10f3', N' Singum, kẹo các loại ', 0, N'8/20/2021', N'103725f4-238e-4f7f-a5d1-f993aa399e49')
INSERT [dbo].[tblSubCategory] ([subCategoryId], [name], [status], [createDate], [categoryId]) VALUES (N'71fcdd17-b845-46a0-97d8-6accba6d6818', N' Tô, chén, dĩa, ly ', 0, N'8/20/2021', N'510410e7-b76b-4945-9de9-1bc203f6c558')
INSERT [dbo].[tblSubCategory] ([subCategoryId], [name], [status], [createDate], [categoryId]) VALUES (N'73ab3f29-9eb4-4696-9a06-658d28afa5e3', N' Tẩy rửa nhà tắm ', 0, N'8/20/2021', N'e0390939-f31b-48eb-9cc9-197f0319adfd')
INSERT [dbo].[tblSubCategory] ([subCategoryId], [name], [status], [createDate], [categoryId]) VALUES (N'73f93eb3-987c-47b0-8ca9-0ead33674deb', N' Cháo gói, cháo tươi ', 0, N'8/20/2021', N'6c2a4765-d8cb-4d2b-bb73-2206d83aa497')
INSERT [dbo].[tblSubCategory] ([subCategoryId], [name], [status], [createDate], [categoryId]) VALUES (N'7cc6b9ec-5b53-4b06-91b2-5944f4249be9', N' Gia vị nêm sẵn ', 0, N'8/20/2021', N'5ae2a473-9868-4b60-bd58-99fb7d3e8c61')
INSERT [dbo].[tblSubCategory] ([subCategoryId], [name], [status], [createDate], [categoryId]) VALUES (N'7e876fc5-b946-4651-96f4-46ff26c072ae', N' Bình nước, giữ nhiệt ', 0, N'8/20/2021', N'510410e7-b76b-4945-9de9-1bc203f6c558')
INSERT [dbo].[tblSubCategory] ([subCategoryId], [name], [status], [createDate], [categoryId]) VALUES (N'7ec5b748-db71-4097-95de-d265dbba244f', N' Sữa tắm, xà bông ', 0, N'8/20/2021', N'8e178f79-63d1-4214-8c1f-06b05dd55aac')
INSERT [dbo].[tblSubCategory] ([subCategoryId], [name], [status], [createDate], [categoryId]) VALUES (N'803bc6b7-69f2-45fe-ad7f-8dbe144ad4a2', N' Hạt, trái cây sấy ', 0, N'8/20/2021', N'103725f4-238e-4f7f-a5d1-f993aa399e49')
INSERT [dbo].[tblSubCategory] ([subCategoryId], [name], [status], [createDate], [categoryId]) VALUES (N'873c8036-fc8c-4f9c-b715-4ff9d4a3001c', N' Ngũ cốc, yến mạch ', 0, N'8/20/2021', N'db7daf56-f1c7-4543-b31c-5cc0b5130458')
INSERT [dbo].[tblSubCategory] ([subCategoryId], [name], [status], [createDate], [categoryId]) VALUES (N'877861eb-f4eb-417f-a64b-1b0228cfcd48', N' Sữa tươi các loại ', 0, N'8/20/2021', N'292224b2-a861-4675-807f-31bc6b898609')
INSERT [dbo].[tblSubCategory] ([subCategoryId], [name], [status], [createDate], [categoryId]) VALUES (N'8d66c36e-393f-4b6e-b283-56c58c29d0a1', N' Bún tươi, mì nưa ', 0, N'8/20/2021', N'93be2188-d058-4c65-adcf-bf144b6ac8f9')
INSERT [dbo].[tblSubCategory] ([subCategoryId], [name], [status], [createDate], [categoryId]) VALUES (N'8f1d520f-c76b-4dc2-852d-f0ae22c989ce', N' Nước cốt dừa lon ', 0, N'8/20/2021', N'db7daf56-f1c7-4543-b31c-5cc0b5130458')
INSERT [dbo].[tblSubCategory] ([subCategoryId], [name], [status], [createDate], [categoryId]) VALUES (N'913e3c5f-8744-412f-bea5-6a9f0822f1b1', N' Bánh canh, bánh đa ', 0, N'8/20/2021', N'6c2a4765-d8cb-4d2b-bb73-2206d83aa497')
INSERT [dbo].[tblSubCategory] ([subCategoryId], [name], [status], [createDate], [categoryId]) VALUES (N'916399fe-7470-478b-9c0c-1678ed85d5d5', N' Tẩy trang, rửa mặt ', 0, N'8/20/2021', N'8e178f79-63d1-4214-8c1f-06b05dd55aac')
INSERT [dbo].[tblSubCategory] ([subCategoryId], [name], [status], [createDate], [categoryId]) VALUES (N'933e94a3-fcd3-4d8e-8a4f-d63ecbdd0340', N' Bình sữa, nước rửa ', 0, N'8/20/2021', N'322778b1-16de-4d6c-8263-fc2a5f891be3')
INSERT [dbo].[tblSubCategory] ([subCategoryId], [name], [status], [createDate], [categoryId]) VALUES (N'99464907-a56a-4580-9a32-4e60ad6dd822', N' Rượu ngon các loại ', 0, N'8/20/2021', N'7cb2c3ed-0350-41e1-9093-5d09b6a29f00')
INSERT [dbo].[tblSubCategory] ([subCategoryId], [name], [status], [createDate], [categoryId]) VALUES (N'9af2cf9d-0a2e-4664-b20f-10c87d113edd', N' Phấn thơm, dưỡng ẩm ', 0, N'8/20/2021', N'322778b1-16de-4d6c-8263-fc2a5f891be3')
INSERT [dbo].[tblSubCategory] ([subCategoryId], [name], [status], [createDate], [categoryId]) VALUES (N'9b53220d-5be6-402b-9f45-99d86999f213', N' Mì gói ăn liền ', 0, N'8/20/2021', N'6c2a4765-d8cb-4d2b-bb73-2206d83aa497')
INSERT [dbo].[tblSubCategory] ([subCategoryId], [name], [status], [createDate], [categoryId]) VALUES (N'9bb6ef77-b674-4eaa-978d-cf11f87fc7a3', N' Bánh snack, rong biển ', 0, N'8/20/2021', N'103725f4-238e-4f7f-a5d1-f993aa399e49')
INSERT [dbo].[tblSubCategory] ([subCategoryId], [name], [status], [createDate], [categoryId]) VALUES (N'9c3bfa30-42f4-4770-8eb9-7cc213a8ad27', N' Dao, bọt cạo râu ', 0, N'8/20/2021', N'8e178f79-63d1-4214-8c1f-06b05dd55aac')
INSERT [dbo].[tblSubCategory] ([subCategoryId], [name], [status], [createDate], [categoryId]) VALUES (N'9faf1caf-99d2-4c5c-b809-3e69205f1747', N' Bánh gạo Hàn Quốc ', 0, N'8/20/2021', N'6c2a4765-d8cb-4d2b-bb73-2206d83aa497')
INSERT [dbo].[tblSubCategory] ([subCategoryId], [name], [status], [createDate], [categoryId]) VALUES (N'a0d4cc56-4836-4b3d-b96a-fe5c0c45228e', N' Đũa, muỗng, nĩa, vá ', 0, N'8/20/2021', N'510410e7-b76b-4945-9de9-1bc203f6c558')
INSERT [dbo].[tblSubCategory] ([subCategoryId], [name], [status], [createDate], [categoryId]) VALUES (N'a6b7af2f-72d7-4eac-8ad1-53239e9d52af', N' Dao, kéo, thớt gỗ ', 0, N'8/20/2021', N'510410e7-b76b-4945-9de9-1bc203f6c558')
INSERT [dbo].[tblSubCategory] ([subCategoryId], [name], [status], [createDate], [categoryId]) VALUES (N'aa3cd287-6b9b-4df5-8a12-bddbe23053d6', N' Nước sâm, trà sữa ', 0, N'8/20/2021', N'93be2188-d058-4c65-adcf-bf144b6ac8f9')
INSERT [dbo].[tblSubCategory] ([subCategoryId], [name], [status], [createDate], [categoryId]) VALUES (N'aad57f3f-8ae9-4c8f-8b93-1cef598ce156', N' Kem ủ dưỡng tóc ', 0, N'8/20/2021', N'8e178f79-63d1-4214-8c1f-06b05dd55aac')
INSERT [dbo].[tblSubCategory] ([subCategoryId], [name], [status], [createDate], [categoryId]) VALUES (N'ab83d2d9-8452-4265-8134-6c3c60234242', N' Tương ớt, tương đen ', 0, N'8/20/2021', N'5ae2a473-9868-4b60-bd58-99fb7d3e8c61')
INSERT [dbo].[tblSubCategory] ([subCategoryId], [name], [status], [createDate], [categoryId]) VALUES (N'af6a730b-6972-494f-809c-34ef143cf12e', N' Bánh gạo, bánh xốp ', 0, N'8/20/2021', N'103725f4-238e-4f7f-a5d1-f993aa399e49')
INSERT [dbo].[tblSubCategory] ([subCategoryId], [name], [status], [createDate], [categoryId]) VALUES (N'b3321a2d-866f-4f40-83f6-dce369a99d2f', N' Dầu ăn các loại ', 0, N'8/20/2021', N'5ae2a473-9868-4b60-bd58-99fb7d3e8c61')
INSERT [dbo].[tblSubCategory] ([subCategoryId], [name], [status], [createDate], [categoryId]) VALUES (N'b51cb45a-792f-4556-ab8e-21b05e57f67a', N' Nước yến dinh dưỡng ', 0, N'8/20/2021', N'7cb2c3ed-0350-41e1-9093-5d09b6a29f00')
INSERT [dbo].[tblSubCategory] ([subCategoryId], [name], [status], [createDate], [categoryId]) VALUES (N'ba2c77c9-15d3-4104-8ae6-ceb7ab4fc60f', N' Bột khô các loại ', 0, N'8/20/2021', N'db7daf56-f1c7-4543-b31c-5cc0b5130458')
INSERT [dbo].[tblSubCategory] ([subCategoryId], [name], [status], [createDate], [categoryId]) VALUES (N'bc5fd961-419d-48a8-84a4-c2103648821b', N' Sữa chua, phô mai ', 0, N'8/20/2021', N'292224b2-a861-4675-807f-31bc6b898609')
INSERT [dbo].[tblSubCategory] ([subCategoryId], [name], [status], [createDate], [categoryId]) VALUES (N'bcd1a042-8a0e-4275-acfd-eebbba6c4703', N' Đồ dùng văn phòng ', 0, N'8/20/2021', N'510410e7-b76b-4945-9de9-1bc203f6c558')
INSERT [dbo].[tblSubCategory] ([subCategoryId], [name], [status], [createDate], [categoryId]) VALUES (N'bd22b2da-c4ae-4ead-871f-e5c14ce88239', N' Sữa hạt, sữa đậu ', 0, N'8/20/2021', N'292224b2-a861-4675-807f-31bc6b898609')
INSERT [dbo].[tblSubCategory] ([subCategoryId], [name], [status], [createDate], [categoryId]) VALUES (N'bf78a0d5-3e61-4956-aaf4-fa8325eccdad', N' Khăn ướt, khăn sữa ', 0, N'8/20/2021', N'322778b1-16de-4d6c-8263-fc2a5f891be3')
INSERT [dbo].[tblSubCategory] ([subCategoryId], [name], [status], [createDate], [categoryId]) VALUES (N'c16c2581-8812-464c-a373-a9a81eeb4555', N' Nước mắm các loại ', 0, N'8/20/2021', N'5ae2a473-9868-4b60-bd58-99fb7d3e8c61')
INSERT [dbo].[tblSubCategory] ([subCategoryId], [name], [status], [createDate], [categoryId]) VALUES (N'c2612b6c-1e29-47c4-98b9-f9471ce2fd01', N' Nước tương các loại ', 0, N'8/20/2021', N'5ae2a473-9868-4b60-bd58-99fb7d3e8c61')
INSERT [dbo].[tblSubCategory] ([subCategoryId], [name], [status], [createDate], [categoryId]) VALUES (N'c6123da9-cc75-4d67-8e8d-0175419b1a7e', N' Nước chấm, mắm tôm ', 0, N'8/20/2021', N'5ae2a473-9868-4b60-bd58-99fb7d3e8c61')
INSERT [dbo].[tblSubCategory] ([subCategoryId], [name], [status], [createDate], [categoryId]) VALUES (N'ca0f66c0-cc97-4a0c-901b-4dcb621e561c', N' Bao cao su, gel ', 0, N'8/20/2021', N'8e178f79-63d1-4214-8c1f-06b05dd55aac')
INSERT [dbo].[tblSubCategory] ([subCategoryId], [name], [status], [createDate], [categoryId]) VALUES (N'cc366b73-a2e3-4845-9808-aff1b458090d', N' Rửa tay, khẩu trang ', 0, N'8/20/2021', N'8e178f79-63d1-4214-8c1f-06b05dd55aac')
INSERT [dbo].[tblSubCategory] ([subCategoryId], [name], [status], [createDate], [categoryId]) VALUES (N'cf66a3a3-39e0-4ed1-8cfc-aba4d8f0c89a', N' Đồ dùng nhà bếp ', 0, N'8/20/2021', N'510410e7-b76b-4945-9de9-1bc203f6c558')
INSERT [dbo].[tblSubCategory] ([subCategoryId], [name], [status], [createDate], [categoryId]) VALUES (N'd17ab68d-c666-4bae-bf2d-940ae78b6a6a', N' Túi, bao đựng rác ', 0, N'8/20/2021', N'510410e7-b76b-4945-9de9-1bc203f6c558')
INSERT [dbo].[tblSubCategory] ([subCategoryId], [name], [status], [createDate], [categoryId]) VALUES (N'd4b53eb2-b8de-460e-91f7-b9efa9949790', N' Phở, hủ tiếu, miến ', 0, N'8/20/2021', N'6c2a4765-d8cb-4d2b-bb73-2206d83aa497')
INSERT [dbo].[tblSubCategory] ([subCategoryId], [name], [status], [createDate], [categoryId]) VALUES (N'd766f3f8-e89a-4334-aedc-079888948a31', N' Sữa đặc các loại ', 0, N'8/20/2021', N'292224b2-a861-4675-807f-31bc6b898609')
INSERT [dbo].[tblSubCategory] ([subCategoryId], [name], [status], [createDate], [categoryId]) VALUES (N'd86e040c-31c2-4c21-af94-2e1f6c4e6f2d', N' Tã bỉm cho bé ', 0, N'8/20/2021', N'322778b1-16de-4d6c-8263-fc2a5f891be3')
INSERT [dbo].[tblSubCategory] ([subCategoryId], [name], [status], [createDate], [categoryId]) VALUES (N'da3c2397-3c86-4741-9246-7390362c6fee', N' Xịt phòng, sáp thơm ', 0, N'8/20/2021', N'e0390939-f31b-48eb-9cc9-197f0319adfd')
INSERT [dbo].[tblSubCategory] ([subCategoryId], [name], [status], [createDate], [categoryId]) VALUES (N'daaa98de-53e7-433d-92bf-4da38217c398', N' Kem, bàn chải răng ', 0, N'8/20/2021', N'8e178f79-63d1-4214-8c1f-06b05dd55aac')
INSERT [dbo].[tblSubCategory] ([subCategoryId], [name], [status], [createDate], [categoryId]) VALUES (N'dd67c5d9-b0ca-446f-a169-1bca489828af', N' Đồ chay các loại ', 0, N'8/20/2021', N'db7daf56-f1c7-4543-b31c-5cc0b5130458')
INSERT [dbo].[tblSubCategory] ([subCategoryId], [name], [status], [createDate], [categoryId]) VALUES (N'e0bd1c00-7d2e-41c5-8631-496ef905240c', N' Nước suối, nước khoáng ', 0, N'8/20/2021', N'7cb2c3ed-0350-41e1-9093-5d09b6a29f00')
INSERT [dbo].[tblSubCategory] ([subCategoryId], [name], [status], [createDate], [categoryId]) VALUES (N'e12a31b2-477b-49c5-9830-fe4f606d95e0', N' Chăm sóc phụ nữ ', 0, N'8/20/2021', N'8e178f79-63d1-4214-8c1f-06b05dd55aac')
INSERT [dbo].[tblSubCategory] ([subCategoryId], [name], [status], [createDate], [categoryId]) VALUES (N'ea4ece89-7602-4696-a492-374a5cf1a987', N' Đồ dùng một lần ', 0, N'8/20/2021', N'510410e7-b76b-4945-9de9-1bc203f6c558')
INSERT [dbo].[tblSubCategory] ([subCategoryId], [name], [status], [createDate], [categoryId]) VALUES (N'eb47ad78-6936-4cc6-874e-2431b73ddb21', N' Khẩu trang, tăm bông ', 0, N'8/20/2021', N'322778b1-16de-4d6c-8263-fc2a5f891be3')
INSERT [dbo].[tblSubCategory] ([subCategoryId], [name], [status], [createDate], [categoryId]) VALUES (N'ed1da597-5abc-43f9-9a4f-11ac9be1f9d7', N' Bánh socola, kẹo socola ', 0, N'8/20/2021', N'103725f4-238e-4f7f-a5d1-f993aa399e49')
INSERT [dbo].[tblSubCategory] ([subCategoryId], [name], [status], [createDate], [categoryId]) VALUES (N'ef773261-b2e5-436d-a64d-9a5817fb2331', N' Thịt, rau đông lạnh ', 0, N'8/20/2021', N'93be2188-d058-4c65-adcf-bf144b6ac8f9')
INSERT [dbo].[tblSubCategory] ([subCategoryId], [name], [status], [createDate], [categoryId]) VALUES (N'f1baa8d1-464b-4d5d-8c42-99b2218072c6', N' Pin tiểu các loại ', 0, N'8/20/2021', N'510410e7-b76b-4945-9de9-1bc203f6c558')
INSERT [dbo].[tblSubCategory] ([subCategoryId], [name], [status], [createDate], [categoryId]) VALUES (N'f25e88f1-a50e-491b-b2c8-149820471c28', N' Kim chi, dưa muối ', 0, N'8/20/2021', N'93be2188-d058-4c65-adcf-bf144b6ac8f9')
INSERT [dbo].[tblSubCategory] ([subCategoryId], [name], [status], [createDate], [categoryId]) VALUES (N'f2eff4ec-f35b-49cf-ae21-99daf40abc25', N' Nước rửa chén dĩa ', 0, N'8/20/2021', N'e0390939-f31b-48eb-9cc9-197f0319adfd')
INSERT [dbo].[tblSubCategory] ([subCategoryId], [name], [status], [createDate], [categoryId]) VALUES (N'f31ecd39-71e6-47bf-bfbc-8696aa8ea76d', N' Dầu gội, dầu xả ', 0, N'8/20/2021', N'8e178f79-63d1-4214-8c1f-06b05dd55aac')
INSERT [dbo].[tblSubCategory] ([subCategoryId], [name], [status], [createDate], [categoryId]) VALUES (N'f3210616-7207-40e0-b017-212dcafad43d', N' Nồi, niêu, xoong, chảo ', 0, N'8/20/2021', N'510410e7-b76b-4945-9de9-1bc203f6c558')
INSERT [dbo].[tblSubCategory] ([subCategoryId], [name], [status], [createDate], [categoryId]) VALUES (N'f79f8308-664e-4a37-8b6c-4701f17f0f00', N' Dầu gội, sữa tắm ', 0, N'8/20/2021', N'322778b1-16de-4d6c-8263-fc2a5f891be3')
INSERT [dbo].[tblSubCategory] ([subCategoryId], [name], [status], [createDate], [categoryId]) VALUES (N'f8411f4a-8d6e-4ac0-99cb-39c788df1546', N' Màng bọc thực phẩm ', 0, N'8/20/2021', N'510410e7-b76b-4945-9de9-1bc203f6c558')
INSERT [dbo].[tblSubCategory] ([subCategoryId], [name], [status], [createDate], [categoryId]) VALUES (N'f95c68e8-921d-4338-b1b1-aaaa8ac608d4', N' Nước uống tăng lực ', 0, N'8/20/2021', N'7cb2c3ed-0350-41e1-9093-5d09b6a29f00')
INSERT [dbo].[tblSubCategory] ([subCategoryId], [name], [status], [createDate], [categoryId]) VALUES (N'f969e7fd-025e-4055-bf74-ff9cec1ebf13', N' Thịt, cá, tôm, trứng ', 0, N'8/20/2021', N'682c6070-b76f-460c-b90b-c6274d3b3605')
INSERT [dbo].[tblSubCategory] ([subCategoryId], [name], [status], [createDate], [categoryId]) VALUES (N'fa955d54-c8c6-4e7e-8a26-38271533e730', N' Bánh bông lan ngọt ', 0, N'8/20/2021', N'103725f4-238e-4f7f-a5d1-f993aa399e49')

CREATE TABLE tblProduct(
	productId varchar(40) NOT NULL,
	name nvarchar(40) NOT NULL,
	description nvarchar(500) NOT NULL,
	location nvarchar(500) NOT NULL,
	status INTEGER NOT NULL,
	expiryDate varchar(20) NOT NULL,
	wholesalePrice FLOAT NOT NULL,
	retailPrice FLOAT NOT NULL,
	createDate varchar(20) NOT NULL,
	quantity INTEGER NOT NULL,
	imageUrl varchar(100) NOT NULL,
	subCategoryId varchar(40) NOT NULL,
	FOREIGN KEY(subCategoryId) REFERENCES tblSubCategory(subCategoryId),
	PRIMARY KEY(productId)
)
GO